Unnamed: 0,Formula,Composto,Ant (A),Ant (B),Ant (C),Max,Min
1.0,AR,argon,"15,2330","700,51","-5,84",94,81
4.0,BR2,bromide,"15,8441","2582,32","-51,56",354,259
5.0,ClNO,nitrosyl cloride,"16,9505","2520,70","-23,46",285,210
6.0,Cl2,chloride,"15,9610","1978,32","-27,01",264,172
8.0,Cl4SI,silicon tetrachloride,"15,8019","2634,16","-43,15",364,238
9.0,D2,deuterium,"13,2954","157,80","0,00",25,19
11.0,F2,fluorine,"15,6700","714,10","-6,00",91,59
12.0,F3N,nitrogen trifluoride,"15,6107","1155,69","-15,37",155,103
14.0,F6S,sulfur hexafluoride,"19,3785","2524,78","-11,16",220,159
15.0,HBr,hydrogem bromide,"14,4687","1242,53","-47,86",221,184
16.0,HCl,hydrogen chloride,"16,5040","1714,25","-14,45",200,137
17.0,HF,hydrogen fluoride,"17,6958","3404,49","15,06",313,206
18.0,HI,hydrogen iodide,"12,9149","957,96","-85,06",256,215
19.0,H2,hydrogen,"13,6333","164,90","3,19",25,14
20.0,H2O,water,"18,3036","3816,44","-46,13",441,284
21.0,H2S,hydrogen  sulfide,"16,1040","1768,69","-26,06",230,190
22.0,NH3,ammonia,"16,9481","2132,50","-32,98",261,179
23.0,H4N2,hydrazine,"17,9899","3877,65","-45,15",343,288
24.0,He(4),helium-4,"12,2514","33,73","1,79","4,3","3,7"
25.0,I2,iodine,"16,1597","3709,23","-68,16",487,383
26.0,Kr,krypton,"15,2677","958,75","-8,71",129,113
27.0,NO,ntiric oxide,"20,1314","1572,52","-4,88",140,95
28.0,NO2,nitrogem dioxide,"20,5324","4141,29","3,65",320,230
29.0,N2,nitrogen,"14,9542","588,72","-6,60",90,54
30.0,N2O,nitrous oxide,"16,1271","1506,49","-25,99",200,144
31.0,Ne,neon,"14,0099","180,47","-2,61",29,24
32.0,O2,oxygen,"15,4075","734,55","-6,43",100,63
33.0,SO2,sulfur dioxide,"16,7680","2302,35","-35,97",280,195
34.0,O3,ozone,"15,7427","1272,18","-22,16",174,109
35.0,SO3,sulfur troxide,"20,8403","3995,70","-36,66",332,290
36.0,Xe,xenon,"15,2958","1303,92","-14,50",178,158
40.0,CCl2O,phosgene,"15,7565","2167,31","-43,15",341,213
41.0,CCl3F,tricholofluoromethane,"15,8516","2401,61","-36,30",300,240
42.0,CCl4,carbon tetrachloride,"15,8742","2808,19","-45,99",374,253
43.0,CF4,carbon tetrafluoride,"16,0543","1244,55","-13,06",148,93
44.0,CO2,carbon monoxide,"14,3686","530,22","-13,15",108,63
46.0,CO2,carbon dioxide,"22,5898","3103,39","-0,16",204,154
47.0,CS2,carbon dissulfide,"15,9844","2690,85","-31,62",342,228
48.0,CHClF3,clorodifluormethane,"15,5602","1704,80","-41,30",240,225
50.0,CHCl3,chloroform,"15,9732","2696,80","-46,16",370,260
51.0,CHN,hydrogen cyanide,"16,5138","2585,80","-37,15",330,234
53.0,CH2Cl2,dichloromethane,"16,3029","2622,44","-41,70",332,229
54.0,CH2O,formadeyde,"16,4775","2204,13","-30,15",271,185
55.0,CH2O2,formic acid,"16,9882","3599,58","-26,09",409,271
56.0,CH3Br,methyl bromide,"16,0252","2271,71","-34,83",326,215
57.0,CH3Cl,methil chloride,"16,1052","2077,97","-29,55",266,180
58.0,CH3F,methil fluoride,"16,3428","1704,41","-19,27",209,141
59.0,CH3I,methil iodide,"16,0905","2639,55","-36,50",325,260
60.0,CH3NO2,nitromethane,"16,2193","2972,64","-64,15",409,278
61.0,CH4,methane,"15,2243","597,84","-7,16",120,93
62.0,CH4O,methanol,"18,5875","3626,55","-34,29",364,257
63.0,CH4S,methyl mercaptan,"16,1909","2338,38","-34,44",300,200
64.0,CH5N,methyl amine,"17,2622","2484,83","-32,92",311,121
65.0,CH6N2,methyl hydrazine,"15,1424","2319,84","-91,70",400,270
66.0,C2ClF5,chloropentafluorethano,"15,7343","1848,90","-30,88",230,175
69.0,C2Cl3F3,"1,2,2-dichloro-1,1,2","15,8424","2532,61","-45,67",360,250
70.0,C2Cl4,tetracholoethylene,"16,1642","3259,29","-52,15",460,307
72.0,C2F4,perfluoretene,"15,8000","1574,60","-27,22",210,140
73.0,C2F6,perfluorethane,"15,6422","1512,94","-26,94",200,170
75.0,C2HCL3,trichlotoethylene,"16,1827","3028,13","-43,15",400.0,260.0
77.0,C2H2,acetylene,"16,3481","1637,14","-19,77",202.0,194.0
79.0,C2H2O,ketene,"16,0197","1849,21","-35,15",255.0,170.0
80.0,C2H3Cl,vynil cholride,"14,9601","1803,84","-43,15",290.0,185.0
82.0,C2H3ClO,acetyl chloride,"15,7514","2447,33","-55,53",355.0,237.0
83.0,C2H3Cl3,"1,1,2-trichloroethane","16,0381","3110,79","-56,16",428.0,302.0
85.0,C2H3F3,"1,1,1,-trifluoromethane","15,8965","1814,91","-29,92",300.0,270.0
86.0,C2H3N,acetonitrile,"16,2874","2945,47","-49,15",390.0,260.0
87.0,C2H3NO,methil isocyanate,"16,3258","2480,37","-56,31",340.0,230.0
88.0,C2H4,ethylene,"15,5368","1347,01","-18,15",182.0,120.0
89.0,C2H4Cl2,"1,1-dichloroethane","16,0842","2697,29","-45,03",352.0,242.0
90.0,C2H4Cl2,"1,2-dichloroethane","16,1764","2927,17","-50,22",373.0,240.0
91.0,C2H4F2,"1,1-difluorethane","16,1871","2095,35","-29,16",273.0,238.0
92.0,C2H4O,acetaldehyde,"16,2481","2465,15","-37,15",320.0,210.0
93.0,C2H4O,ethylene oxide,"16,7400","2567,61","-29,01",310.0,200.0
94.0,C2H4O2,acetic acid,"16,8080","3405,57","-56,34",430.0,290.0
95.0,C2H4O2,methil formade,"16,5108","2590,87","-42,60",324.0,225.0
96.0,C2H5Br,ethyl bromide,"15,9338","2511,68","-41,44",333.0,226.0
97.0,C2H5Cl,ethyl chloride,"15,9800","2332,01","-36,48",310.0,200.0
98.0,C2H5F,ethyl fluoride,"16,0686","1966,89","-27,00",252.0,170.0
99.0,C2H5N,ethylene imine,"16,4227","2610,44","-63,15",359.0,248.0
100.0,C2H6,ethane,"15,6637","1511,44","-17,16",199.0,130.0
101.0,C2H6O,dimethyl eter,"16,8467","2361,44","-17,10",265.0,179.0
102.0,C2H6O,ethanol,"18,9119","3803,98","-41,68",369.0,270.0
103.0,C2H6O2,ethylene glicol,"20,2501","6022,18","-28,25",494.0,364.0
104.0,C2H6S,ethyl mercaptan,"16,0077","2497,23","-41,77",330.0,224.0
105.0,C2H6S,dimethyl sulfide,"16,0001","2511,56","-42,35",331.0,226.0
106.0,C2H6N,ethyl amine,"17,0073","2618,73","-37,30",316.0,215.0
107.0,C2H7N,dimethyl amine,"16,2653","2358,77","-35,15",310.0,218.0
108.0,C2H7NO,monoethanolamine,"17,8174","3988,33","-86,93",477.0,344.0
109.0,C2H8N2,ethylenediamine,"16,4082","3108,49","-72,15",425.0,292.0
110.0,C3H3N,acrylonitrile,"15,9253","2782,21","-51,15",385.0,255.0
111.0,C3H4,propadiene,"13,1563","1054,72","-77,08",257.0,174.0
112.0,C3H4,methyl acetilene,"15,6227","1850,66","-44,07",267.0,183.0
113.0,C3H4O,acrolein,"15,9057","2606,53","-45,15",360.0,235.0
114.0,C3H4O2,acrylic acid,"15,5617","3319,18","-80,15",450.0,315.0
115.0,C3H4O2,vynil formate,"16,6531","2569,68","-63,15",350.0,240.0
116.0,C3H5Cl,allyl chloride,"15,9772","2531,92","-47,15",350.0,230.0
117.0,C3H5Cl3,"1,2,3-trichloropropan","16,1246","3417,27","-69,15",470.0,315.0
118.0,C3H5N,propionitrile,"15,9571","2940,86","-55,15",405.0,270.0
119.0,C3H6,cyclopropane,"15,8599","1971,04","-26,65",245.0,180.0
120.0,C3H6,propylene,"15,7027","1807,53","-26,15",240.0,160.0
121.0,C3H6Cl2,"1,2 - dichloropropane","16,0385","2985,07","-52,16",408.0,288.0
122.0,C3H6O,acetone,"16,6513","2940,46","-35,93",350.0,241.0
123.0,C3H6O,allyl-alcohol,"16,9066","2928,20","-85,15",400.0,286.0
124.0,C3H6O,proprionaldeyde,"16,2315","2659,02","-44,15",350.0,235.0
125.0,C3H6O,propilene oxide,"15,3227","2107,58","-64,87",340.0,225.0
126.0,C3H6O,vynil methyl eter,"14,4602","1980,22","-25,15",315.0,190.0
127.0,C3H6O2,propionic acid,"17,3789","3723,42","-67,48",450.0,315.0
128.0,C3H6O2,ethyl formate,"16,1611","2603,30","-54,15",360.0,240.0
129.0,C3H6O2,methyl acetate,"16,1295","2601,92","-56,15",360.0,245.0
130.0,C3H7Cl,propyl chloride,"15,9594","2581,48","-42,95",350.0,230.0
131.0,C3H7Cl,isopropyl chloride,"16,0384","2490,48","-43,15",340.0,225.0
132.0,C3H8,propane,"15,7260","1872,46","-25,16",249.0,164.0
133.0,C3H8O,1-propanol,"17,5439","3166,38","-80,15",400.0,285.0
134.0,C3H8O,isoprophyl alcohol,"18,6929","3640,20","-53,54",374.0,273.0
135.0,C3H8O,methyl ethyl eter,"13,5435","1161,63","-112,40",310.0,205.0
136.0,C3H8O2,methylal,"15,8237","2415,92","-52,58",315.0,270.0
137.0,C3H8O2,"1,2 propanediol","20,5324","6091,95","-22,46",483.0,357.0
138.0,C3H8O2,"1,3 - propanediol","17,2917","3888,84","-123,32",525.0,380.0
139.0,C3H8O3,glyceol,"17,2392","4487,04","-140,20",600.0,440.0
140.0,C3H8S,methyl ethyl sulfide,"15,9765","2722,95","-48,32",360.0,250.0
141.0,C3H9N,n-propyl amine,"15,9957","2551,72","-49,15",350.0,235.0
142.0,C3H9N,isopropyl amine,"16,3637","2582,35","-10,15",337.0,239.0
143.0,C3H9N,trimethyl amine,"16,0499","2230,51","-39,15",305.0,215.0
144.0,C4H2O3,maleic anhydride,"16,2747","3765,65","-82,15",516.0,352.0
145.0,C4H4,vinylacetilene,"16,0100","2203,57","-43,15",305.0,200.0
146.0,C4H4O,furan,"16,0612","2442,70","-45,41",363.0,238.0
147.0,C4H4S,triophene,"16,0423","2869,70","-51,80",380.0,260.0
148.0,C4H5N,allyl cyanide,"16,0019","3128,75","-58,15",430.0,400.0
149.0,C4H5N,pyrrole,"16,7966","3457,47","-62,73",440.0,330.0
150.0,C4H6,1-butyne,"16,0656","2271,42","-40,30",300.0,200.0
151.0,C4H6,2-butyne,"16,2871","2536,78","-37,34",320.0,240.0
152.0,C4H6,"1,2 butadiene","16,1039","2397,26","-30,88",305.0,245.0
153.0,C4H6,"1,3 butadiene","15,7727","2142,66","-34,30",290.0,215.0
154.0,C4H6O2,vynil acetate,"16,1003","2744,68","-56,15",379.0,255.0
155.0,C4H6O3,acetic anhydride,"16,3982","3287,56","-75,11",437.0,308.0
158.0,C4H7N,butyronitrile,"16,2092","3202,21","-46,16",433.0,307.0
159.0,C4H7O2,methyl acrilate,"16,1088","2788,43","-59,15",390.0,260.0
160.0,C4H8,1-butene,"15,7564","2132,42","-33,15",295.0,190.0
161.0,C4H8,cis-2-butene,"15,8171","2210,71","-36,15",305.0,200.0
162.0,C4H8,trans-2-butene,"15,8177","2212,32","-33,15",300.0,200.0
163.0,C4H8,cyclobutene,"15,9254","2359,09","-31,78",290.0,200.0
164.0,C4H8,isobutylene,"15,7528","2125,75","-33,15",290.0,190.0
165.0,C4H8O,n-butyraldehyde,"16,1668","2839,09","-50,15",380.0,255.0
166.0,C4H8O,isobutyraldehyde,"15,9888","2676,98","-51,15",370.0,247.0
167.0,C4H8O,methyl ethyl ketone,"16,5986","3150,42","-36,65",376.0,257.0
168.0,C4H8O,tetraydrofuran,"16,1069","2768,38","-46,90",370.0,270.0
169.0,C4H8O,vynil ethyl eter,"15,8911","2449,26","-44,15",340.0,225.0
170.0,C4H8O2,n-butiric acid,"17,9240","4130,93","-70,55",470.0,335.0
171.0,C4H8O2,"1,4 dioxane","16,1327","2966,88","-65,15",410.0,275.0
172.0,C4H8O2,athyl acetate,"16,1516","2790,50","-57,15",385.0,260.0
173.0,C4H8O2,isobutyric acid,"16,7792","3385,49","-94,15",465.0,330.0
174.0,C4H8O2,methyl propionate,"16,1693","2804,06","-58,92",385.0,260.0
175.0,C4H8O2,n-propil formate,"15,7671","2593,95","-69,69",360.0,280.0
176.0,C4H9Cl,1-chlorobutane,"15,9750","2826,26","-49,05",385.0,255.0
177.0,C4H9Cl,2-chlorobutane,"15,9907","2753,43","-47,15",375.0,250.0
178.0,C4H9Cl,tert-butyl chloride,"15,8121","2567,15","-44,15",360.0,235.0
179.0,C4H9N,pyrolidine,"15,9444","2717,03","-67,90",400.0,300.0
180.0,C4H9NO,morpholine,"16,2364","3171,35","-71,15",440.0,300.0
181.0,C4H10,n-butane,"15,6782","2154,90","-34,42",290.0,195.0
182.0,C4H10,isobutane,"15,5381","2032,73","-33,15",280.0,187.0
183.0,C4H10O,n-butanol,"17,2160","3137,02","-94,43",404.0,288.0
184.0,C4H10O,2-butanol,"17,2102","3026,03","-86,65",393.0,298.0
185.0,C4H10O,isobutanol,"16,8712","2874,73","-100,03",388.0,293.0
186.0,C4H10O,tert-butanol,"16,8548","2658,29","-95,50",376.0,293.0
187.0,C4H10O,ethyl ether,"16,0828","2511,29","-41,95",340.0,225.0
188.0,C4H10O2,"1,2-dimethoxythane","16,0241","2969,79","-53,15",393.0,262.0
189.0,C4H10O3,diethylene glycol,"17,0326","4122,52","-122,50",560.0,402.0
190.0,C4H10S,diethyl sulfide,"15,9531","2896,27","-54,49",390.0,260.0
191.0,C4H10S2,diethyl disulfide,"16,0607","3421,57","-64,19",455.0,312.0
192.0,C4H11N,n- butyl amine,"16,6085","3012,70","-48,96",373.0,259.0
193.0,C4H11N,isobutyl amine,"16,1419","2704,16","-56,15",373.0,251.0
194.0,C4H11N,diethyl amine,"16,0545","2595,01","-53,15",350.0,242.0
195.0,C5H5N,pyridine,"16,0910","3095,13","-61,15",425.0,285.0
196.0,C5H8,ciclopentene,"15,9356","2583,07","-39,70",378.0,244.0
197.0,C5H8,"1,2 pentadiene","15,9297","2544,34","-44,30",340.0,250.0
198.0,C5H8,1-trans-3-pentadiene,"15,9182","2541,69","-41,43",340.0,250.0
199.0,C5H8,"1,4 pentadiene","15,7392","2344,02","-41,69",320.0,240.0
200.0,C5H8,1-pentyne,"16,0429","2515,62","-45,97",335.0,230.0
201.0,C5H8,"2-methyl-1,2butadiene","15,8548","2467,40","-39,64",330.0,250.0
202.0,C5H8,"3-,ethyl-1,2 butadiene","15,9880","2541,83","-42,26",335.0,250.0
203.0,C5H8O,cyclopentanone,"16,0897","3193,92","-66,15",440.0,300.0
204.0,C5H8O2,ethyl acrylate,"15,0890","2974,94","-58,15",409.0,274.0
205.0,C5H10,cyclopentane,"15,8574","2588,48","-41,79",345.0,230.0
206.0,C5H10,1-pentene,"15,7646","2405,96","-39,63",325.0,220.0
207.0,C5H10,cis-2-pentene,"15,8251","2459,05","-42,56",330.0,220.0
208.0,C5H10,trans-2-pentene,"15,9011","2495,97","-40,18",330.0,220.0
209.0,C5H10,2-methyl-1 butene,"15,8260","2426,42","-40,36",325.0,220.0
210.0,C5H10,2-methyl-2 butene,"15,9238","2521,53","-40,31",335.0,226.0
211.0,C5H10,3-methyl-1 butene,"15,7179","2333,61","-36,33",315.0,210.0
212.0,C5H10O,valeraldehyde,"16,1623","3030,20","-58,15",412.0,277.0
213.0,C5H10O,methyl n-propyl keton,"16,0031","2934,87","-62,25",140.0,275.0
214.0,C5H10O,methyl isopropyl keton,"14,1779","1993,12","-103,20",406.0,271.0
215.0,C5H10O,diethyl keton,"16,8138","3410,51","-40,15",400.0,275.0
216.0,C5H10O2,n-valeric acid,"17,6306","4092,15","-86,55",495.0,350.0
217.0,C5H10O2,isobytil formate,"16,2292","2980,47","-64,15",409.0,278.0
218.0,C5H10O2,n-propyl acetate,"16,2291","2980,47","-64,15",410.0,280.0
219.0,C5H10O2,ethyl propionate,"16,1620","2935,11","-64,16",396.0,276.0
222.0,C5H11N,piperidine,"16,1004","3015,43","-61,15",416.0,280.0
223.0,C5H12,n-pentane,"15,8333","2477,07","-39,94",330.0,220.0
224.0,C5H12,2-methyl butane,"15,6338","2348,67","-40,05",322.0,216.0
225.0,C5H12,"2,2 dimethyl propane","15,2069","2034,15","-45,37",305.0,260.0
226.0,C5H12O,1-pentanol,"16,5270","3026,89","-105,00",144.0,310.0
227.0,C5H12O,2-methyl-1-butanol,"16,2780","2752,19","-116,30",402.0,307.0
228.0,C5H12O,3-methyl-1-butanol,"16,7127","3026,43","-104,41",426.0,298.0
229.0,C5H12O,2-methyl-2-butanol,"15,0113","1988,08","-137,80",375.0,298.0
230.0,C5H12O,"2,2 dimethyl 1-propanol","18,1336","3694,96","-65,00",406.0,328.0
231.0,C5H12O,etyl propyl eter,"15,4539","2423,41","-62,28",360.0,246.0
232.0,C6F6,perfluorobenzene,"16,1940","2827,53","-57,66",390.0,270.0
233.0,C6F12,perfluorocyclohexane,"13,9087","1374,07","-136,80",400.0,280.0
234.0,C6F14,perfluoro-n-hexane,"15,8307","2488,59","-59,73",330.0,270.0
235.0,C6H4CL2,o-dichlorobenzene,"16,2799","3798,23","-59,84",483.0,331.0
236.0,C6H4CL2,m-dichlorobenzene,"16,8173","4104,13","-43,15",475.0,326.0
237.0,C6H4CL2,p-dichlorobenzene,"16,1135","3626,83","-64,64",477.0,327.0
238.0,C6H5Br,bromobenzene,"15,7972","3313,00","-67,71",450.0,320.0
239.0,C6H5Cl,chlorobenzene,"16,0676","3295,12","-55,60",420.0,320.0
240.0,C6H5F,fluorobenzene,"16,5487","3181,78","-37,59",370.0,250.0
241.0,C6H5I,iodobenzene,"16,1454","3776,53","-64,38",470.0,290.0
242.0,C6H6,benzene,"15,9008","2788,51","-52,36",377.0,280.0
243.0,C6H6O,phenol,"16,4279","3490,89","-98,59",481.0,345.0
244.0,C6H7N,aniline,"16,6748","3857,52","-73,15",500.0,340.0
245.0,C6H7N,4-methyl pyridine,"16,2143","3404,40","-62,65",460.0,300.0
246.0,C6H10,"1,5 hexadiene","16,1351","2728,54","-45,45",350.0,282.0
247.0,C6H10,cyclohexene,"15,8243","2813,53","-49,98",360.0,300.0
249.0,C6H12,ciclohexane,"15,7527","2766,63","-50,50",380.0,280.0
250.0,C6H12,methylcyclopentane,"15,8023","2731,00","-47,11",375.0,250.0
251.0,C6H12,1-hexene,"15,8089","2654,81","-47,30",360.0,240.0
252.0,C6H12,cis-2-hexene,"16,2057","2897,97","-39,30",370.0,245.0
253.0,C6H12,trans-2-hexene,"15,8727","2701,72","-48,62",365.0,245.0
254.0,C6H12,cis-3-hexene,"15,8384","2680,52","-48,40",365.0,245.0
255.0,C6H12,trans-3-hexene,"15,9288","2718,68","-47,77",365.0,245.0
256.0,C6H12,2-methyl-2-pentene,"15,9423","2725,89","-47,64",370.0,245.0
257.0,C6H12,3-methyl-cis-2-pentene,"15,9124","2731,79","-46,47",364.0,248.0
258.0,C6H12,3-methyl-trans-2-pentene,"15,9484","2750,50","-48,33",366.0,250.0
259.0,C6H12,4-methyl-cis-2-pentene,"15,7527","2580,52","-46,56",352.0,238.0
260.0,C6H12,4-methyl-trans-2-pentene,"15,8425","2631,57","-46,00",354.0,240.0
261.0,C6H12,"2,3 dimethyl-1-butene","15,8012","2612,69","-43,78",360.0,235.0
262.0,C6H12,"2,3 dimethyl-2-butene","16,0043","2798,63","-47,71",375.0,250.0
263.0,C6H12,"3,3 dimethyl-1-butene","15,3755","2326,80","-48,24",340.0,225.0
265.0,C6H12O,methyl isobutyl keton,"15,7165","2893,66","-70,75",425.0,285.0
266.0,C6H12O2,n-butyl acetate,"16,1836","3151,09","-69,15",435.0,295.0
267.0,C6H12O2,isobutyl acetate,"16,1714","3092,83","-66,15",427.0,289.0
268.0,C6H12O2,ethyl butyrate,"15,9987","3127,60","-60,15",432.0,288.0
270.0,C6H12O2,n-propyl propionete,"16,8641","3558,18","-47,86",420.0,292.0
271.0,C6H14,n-hexane,"15,8366","2697,55","-48,78",370.0,245.0
272.0,C6H14,2-methyl pentane,"15,7476","2614,38","-46,58",370.0,240.0
273.0,C6H14,3-methyl pentane,"15,7701","2653,43","-46,02",365.0,240.0
274.0,C6H14,"2,2 dimethyl butane","15,5536","2489,50","-43,81",350.0,230.0
275.0,C6H14,"2,3 dimethyl butane","15,6802","2595,44","-44,25",354.0,235.0
276.0,C6H14O,1-hexanol,"18,0994","4055,45","-76,49",430.0,308.0
277.0,C6H14O,ethyl butyl ether,"16,0477","2921,52","-55,15",400.0,265.0
278.0,C6H14O,diisopropyl ether,"16,3417","2895,73","-43,15",364.0,249.0
279.0,C6H15N,dypropylamine,"16,5939","3259,08","-55,15",422.0,302.0
280.0,C7H15N,triethylamine,"15,8853","2882,38","-51,15",400.0,260.0
281.0,C7F14,perfluoromethylcychoro,"15,7130","2510,57","-61,93",385.0,290.0
282.0,C7F16,perfluoro-n-heptane,"15,9747","2719,68","-64,50",390.0,270.0
284.0,C7H6O,benzaldehyde,"16,3501","3748,62","-66,12",460.0,300.0
285.0,C7H6O2,benzoic acid,"17,1634","4190,70","-125,20",560.0,405.0
286.0,C7H8,toluene,"16,0137","3096,52","-53,67",410.0,280.0
287.0,C7H8O,methyl phenyl ether,"16,2394","3430,82","-69,58",440.0,370.0
288.0,C7H8O,benzyl alcohol,"17,4582","4384,81","-73,15",603.0,385.0
289.0,C7H8O,o-cresol,"15,9148","3305,37","-108,00",480.0,370.0
290.0,C7H8O,m-cresol,"17,2878","4274,42","-74,09",480.0,370.0
291.0,C7H8O,p-cresol,"16,1989","3479,39","-111,30",480.0,370.0
292.0,C7H9N,"2,3 dimethylpyridine","17,1492","4219,74","-33,04",440.0,420.0
293.0,C7H9N,"2,5 dimethylpyridine","16,3046","3545,14","-63,59",435.0,350.0
294.0,C7H9N,"3,4 dimethylpyridine","16,9517","4237,04","-41,65",460.0,400.0
295.0,C7H9N,"3,5 dimethylpyridine","16,8850","4106,95","-44,45",460.0,400.0
296.0,C7H9N,methylphenylamine,"16,3066","3756,28","-80,71",480.0,320.0
297.0,C7H9N,o-toluidine,"16,7834","4072,58","-72,15",500.0,375.0
298.0,C7H9N,m-toluidine,"16,7498","4080,32","-73,15",500.0,355.0
299.0,C7H9N,p-toluidine,"16,6968","4041,04","-72,15",500.0,350.0
300.0,C7H14,cycloheptane,"15,7818","3066,05","-56,80",435.0,330.0
301.0,C7H14,"1,1-dimethylcyclopentane","15,6973","2807,94","-51,20",390.0,260.0
302.0,C7H14,"cis-2,3-dimethylcyclopentane","15,7729","2922,30","-52,94",400.0,270.0
303.0,C7H14,dimethylcyclopentane,"15,7594","2861,53","-51,46",390.0,260.0
304.0,C7H14,ethylcyclopentane,"15,8581","2990,13","-52,47",402.0,270.0
305.0,C7H14,methylcyclohexane,"15,7105","2926,04","-51,75",400.0,270.0
306.0,C7H14,1-heptene,"15,8894","2895,51","-53,97",400.0,265.0
307.0,C7H14,"1,2,2-trimethyl-1-butane","15,6536","2719,47","-49,56",375.0,243.0
308.0,C7H16,n-heptane,"15,8737","2911,32","-56,51",400.0,270.0
309.0,C7H16,2-methylhexane,"15,8621","2845,06","-53,60",390.0,264.0
310.0,C7H16,3-methylhexane,"15,8133","2855,66","-53,93",390.0,265.0
311.0,C7H16,"2,2 dimethylpentane","15,6917","2740,15","-49,85",378.0,254.0
312.0,C7H16,"2,3 dimethylpentane","15,7815","2850,64","-51,33",388.0,262.0
313.0,C7H16,"2,4 dimethylpentane","15,7179","2744,78","-51,52",378.0,256.0
314.0,C7H16,"3,3 dimethylpentane","15,7190","2829,10","-47,83",385.0,260.0
315.0,C7H16,3-ethylpentane,"15,8317","2882,44","-53,26",392.0,266.0
316.0,C7H16,"2,2,3-trimethylbutane","15,6398","2764,40","-47,10",379.0,254.0
317.0,C7H16O,1-heptanol,"15,3068","2626,42","-146,60",449.0,333.0
318.0,C8H4O3,pathalic anhydride,"15,9984","4467,01","-83,15",615.0,409.0
319.0,C8H8,styrene,"16,0193","3328,57","-63,72",460.0,305.0
320.0,C8H8O,methyl phenyl ketone,"16,2384","3781,07","-81,15",520.0,350.0
321.0,C8H8O2,methyl benzoate,"16,2272","3751,83","-81,15",516.0,350.0
322.0,C8H10,0-xylene,"16,1156","3395,57","-59,46",445.0,305.0
323.0,C8H10,m-xylene,"16,1390","3366,99","-58,04",440.0,300.0
324.0,C8H10,p-xylene,"16,0963","3346,65","-57,84",440.0,300.0
325.0,C8H10,ethylbenzene,"16,0195","3279,47","-59,95",450.0,300.0
326.0,C8H10O,o-ethylphenol,"17,9610","4928,36","-45,75",500.0,350.0
327.0,C8H10O,m-ethylphenol,"17,1955","4272,77","-86,08",500.0,370.0
328.0,C8H10O,p-ethylphenol,"19,0905","5579,62","-44,15",500.0,370.0
329.0,C8H10O,phenetole,"16,1673","3473,20","-78,66",460.0,385.0
330.0,C8H10O,"2,3 xylenol","16,2424","3724,58","-102,44",500.0,420.0
331.0,C8H10O,"2,4 xylenol","16,2456","3655,26","-103,80",500.0,410.0
332.0,C8H10O,"2,5 xylenol","16,2368","3667,32","-102,40",490.0,410.0
333.0,C8H10O,"2,6 xylenol","16,2809","3749,35","-85,55",480.0,400.0
334.0,C8H10O,"3,4 xylenol","16,3004","3733,53","-113,90",520.0,430.0
335.0,C8H10O,"3,5 xylenol","16,4192","3775,81","-109,90",500.0,410.0
336.0,C8H11N,"n,n,dimethylaniline","16,9647","4276,08","-52,80",480.0,345.0
337.0,C8H16,"1,1 dimethylcyclohexano","15,6535","3043,34","-55,30",420.0,283.0
338.0,C8H16,"cis-1,2 dimethylcyclohexane","15,7438","3148,35","-57,31",430.0,290.0
339.0,C8H16,"trans-1,2 dimethylcyclohexane","15,7337","3117,43","-54,02",424.0,286.0
340.0,C8H16,"cis-1,3 dimethylcyclohexane","15,7470","3081,95","-55,08",420.0,284.0
341.0,C8H16,"trans-1,3 dimethylcyclohexane","15,7371","3093,95","-57,76",425.0,288.0
342.0,C8H16,"cis-1,4 dimethylcyclohexane","15,7333","3098,39","-57,00",425.0,287.0
343.0,C8H16,"trans-1,4 dimethylcyclohexane","15,6984","3063,44","-54,57",420.0,283.0
344.0,C8H16,ethylcyclohexane,"15,8125","3183,25","-58,15",433.0,293.0
345.0,C8H16,"1,1,2 -trimethylcyclopentane","15,7084","3015,51","-54,59",414.0,279.0
346.0,C8H16,"1,1,3 -trimethylcyclopentane","15,6794","2938,09","-53,25",404.0,273.0
347.0,C8H16,opentane,"15,7543","3073,95","-54,20",418.0,283.0
348.0,C8H16,clopentane,"15,7756","3009,70","-53,23",417.0,282.0
349.0,C8H16,1-methyl-1-ethylcyclopentane,"15,8222","3120,66","-55,06",422.0,286.0
350.0,C8H16,n-propylcyclopentane,"15,8969","3187,67","-59,99",431.0,294.0
351.0,C8H16,isopropylcyclopentane,"15,8561","3176,22","-55,18",427.0,289.0
352.0,C8H16,1-octene,"15,9630","3116,52","-60,39",420.0,288.0
353.0,C8H16,trans-2-octene,"15,8554","3134,97","-58,00",425.0,289.0
354.0,C8H18,n-octane,"15,9426","3120,29","-63,63",425.0,292.0
355.0,C8H18,2-methylheptane,"15,9278","3079,63","-59,46",417.0,285.0
356.0,C8H18,3-methylheptane,"15,8865","3065,96","-60,74",418.0,286.0
357.0,C8H18,4-methylheptane,"15,8893","3057,05","-60,59",417.0,285.0
358.0,C8H18,"2,2 dimethylhexane","15,7431","2932,56","-58,08",405.0,276.0
359.0,C8H18,"2,3 dimethylhexane","15,8189","3029,06","-58,99",415.0,283.0
360.0,C8H18,"2,4 dimethylhexane","15,7797","2965,44","-58,36",408.0,278.0
361.0,C8H18,"2,5 dimethylhexane","15,7954","2964,06","-58,74",408.0,278.0
362.0,C8H18,"3,3 dimethylhexane","15,7755","3011,51","-55,71",411.0,279.0
363.0,C8H18,"3,4 dimethylhexane","15,8415","3062,52","-58,29",417.0,284.0
364.0,C8H18,3-ethylhexane,"15,8671","3057,57","-60,55",418.0,286.0
365.0,C8H18,"2,2,3-trymethylpentane","15,7162","2981,56","-54,73",409.0,277.0
366.0,C8H18,"2,2,4-trymethylpentane","15,6850","2896,28","-52,41",398.0,269.0
367.0,C8H18,"2,3,3-trymethylpentane","15,7578","3057,94","-52,77",415.0,280.0
368.0,C8H18,"2,3,4-trymethylpentane","15,7818","3028,09","-55,62",413.0,280.0
369.0,C8H18,2-methyl-3-ethylpentane,"15,8040","3035,08","-57,84",415.0,282.0
370.0,C8H18,3-methyl-3-ethylpentane,"15,8126","3102,06","-53,47",418.0,283.0
371.0,C8H18O,1-octanol,"15,7428","3017,81","-137,10",468.0,343.0
372.0,C8H18O,2-octanol,"14,7108","2441,66","-150,70",453.0,345.0
373.0,C8H18O,2-ethylhexanol,"15,3614","2773,46","-140,00",458.0,348.0
374.0,C8H18O,butyl ether,"16,0778","3296,15","-66,15",455.0,305.0
375.0,C8H19N,dibutylamine,"16,7307","3721,90","-64,15",459.0,322.0
376.0,C9H10,alpha methyl styrene,"16,3308","3644,30","-67,15",493.0,348.0
377.0,C9H10O2,ethyl benzoate,"16,2065","3845,09","-84,15",531.0,361.0
378.0,C9H12,n-propylbenzene,"16,0062","3433,84","-66,01",461.0,316.0
379.0,C9H12,isopropylbenzene,"15,9722","3363,60","-63,37",454.0,311.0
380.0,C9H12,1-methyl-2-ethylbenzene,"16,1253","3535,33","-65,85",467.0,321.0
381.0,C9H12,1-methyl-3-ethylbenzene,"16,1345","3521,08","-64,64",463.0,318.0
382.0,C9H12,1-methyl-4-ethylbenzene,"16,1135","3516,31","-64,23",463.0,318.0
383.0,C9H12,"1,2,3 trimethylbenzene","16,2121","3670,22","-66,07",479.0,329.0
384.0,C9H12,"1,2,4 trimethylbenzene","16,2190","3622,58","-64,59",471.0,324.0
385.0,C9H12,"1,3,5 trimethylbenzene","16,2893","3614,19","-63,57",466.0,321.0
386.0,C9H18,n-pripylcyclohexane,"15,8567","3363,62","-65,21",459.0,313.0
387.0,C9H18,isopropylcyblohexane,"15,8260","3346,12","-63,71",440.0,330.0
388.0,C9H18,1-nonene,"16,0118","3305,03","-67,61",448.0,308.0
389.0,C9H20,n-nonane,"15,9671","3291,45","-71,33",452.0,312.0
390.0,C9H20,"2,2,3-trimethylhexane","15,8017","3164,17","-61,66",436.0,297.0
391.0,C9H20,"2,2,4-trimethylhexane","15,7639","3084,08","-61,94",428.0,291.0
392.0,C9H20,"2,2,5-trimethylhexane","15,7557","3052,17","-62,24",420.0,315.0
393.0,C9H20,"3,3 diethylpentane","15,8709","3341,62","-57,57",440.0,350.0
394.0,C9H20,"2,2,3,3 tetramethylpentane","15,7280","3220,55","-59,31",440.0,328.0
395.0,C9H20,"2,2,3,4 tetramethylpentane","15,7363","3167,42","-58,21",430.0,318.0
396.0,C9H20,"2,2,4,4 tetramethylpentane","15,6488","3049,98","-57,13",413.0,313.0
397.0,C9H20,"2,3,3,4 tetramethylpentane","15,8029","3269,07","-58,19",125.0,325.0
398.0,C10H8,naphtalene,"16,1426","3992,01","-71,29",525.0,360.0
399.0,C10H12,"1,2,3,4 tetrahyfronap","16,2805","4009,49","-64,89",500.0,365.0
400.0,C10H14,n-butylbenzene,"16,0793","3633,40","-71,77",486.0,335.0
401.0,C10H14,isobutylbenzene,"15,9524","3512,47","-69,03",476.0,326.0
402.0,C10H14,sec-butylbenzene,"15,9999","3544,19","-68,10",476.0,325.0
403.0,C10H14,terc-butylbenzene,"15,9300","3462,28","-69,87",472.0,323.0
404.0,C10H14,1-methyl-2-isopropylbenzene,"15,9809","3564,52","-70,00",481.0,330.0
405.0,C10H14,1-methyl-3-isopropylbenzene,"15,9811","3543,79","-69,22",478.0,328.0
406.0,C10H14,1-methyl-4-isopropylbenzene,"15,9424","3539,21","-70,10",480.0,329.0
407.0,C10H14,"1,4 diethylbenzene","16,1140","3657,22","-71,18",487.0,335.0
408.0,C10H14,"1,2,4,5 tetramethylbenzene","16,3023","3850,91","-71,72",500.0,361.0
409.0,C10H15N,n- butylaniline,"16,3994","4079,72","-96,15",560.0,385.0
410.0,C10H20,cis-decalin,"15,8312","3671,61","-69,74",495.0,368.0
411.0,C10H20,trans-decalin,"15,7989","3610,66","-66,49",470.0,363.0
412.0,C10H20,caprylonytrile,Unnamed: 0,Unnamed: 1,Unnamed: 2,Unnamed: 3,Unnamed: 4
413.0,C10H20,n-butylcyclohexane,"15,9116","3542,57","-72,32",485.0,332.0
414.0,C10H20,iso-butylcyclohexane,"15,8141","3437,99","-69,99",455.0,355.0
415.0,C10H20,sec-butylcyclohexane,"15,8670","3524,57","-70,78",470.0,360.0
416.0,C10H20,terc-butylcyclohexane,"15,7884","3457,85","-67,04",450.0,357.0
417.0,C10H20,1-decene,"16,0129","3448,18","-76,09",460.0,356.0
418.0,C10H22,n-decane,"16,0114","3456,80","-78,67",476.0,330.0
419.0,C10H22,"3,3,5-trimethylheptane","15,7848","3305,20","-67,66",458.0,313.0
420.0,C10H22,"2,2,3,3 tetramehylhexane","15,7598","3371,05","-64,09",463.0,314.0
421.0,C10H22,"2,2,5,5 tetramehylhexane","15,8446","3172,92","-66,15",438.0,300.0
422.0,C10H22O,1-decanol,"15,9395","3389,43","-139,00",503.0,376.0
423.0,C11H10,1-methylnaphthalene,"16,2008","4206,70","-78,15",551.0,380.0
424.0,C11H10,2-methylnaphthalene,"16,2758","4237,37","-74,15",548.0,377.0
425.0,C11H14O2,butyl benzoate,"16,3363","4158,47","-94,15",570.0,390.0
426.0,C11H22,n-hexycyclopentane,"16,0140","3702,56","-81,55",507.0,351.0
427.0,C11H22,1-undecene,"16,0142","3597,72","-83,41",496.0,345.0
428.0,C11H24,n-undecane,"16,0541","3614,07","-85,45",498.0,348.0
429.0,C12H10,diphenyl,"16,6832","4602,23","-70,42",545.0,343.0
430.0,C12H10O,diphenyl ether,"16,3459","4310,25","-87,31",598.0,418.0
431.0,C12H24,n-heptycyclopentane,"16,0589","3850,38","-88,75",529.0,368.0
432.0,C12H24,1-dodecene,"16,0610","3729,87","-90,88",517.0,361.0
433.0,C12H26,n-dodecane,"16,1134","3774,56","-91,31",520.0,364.0
434.0,C12H26O,diexyl ether,"13,3372","3982,78","-89,15",545.0,373.0
435.0,C12H26O,dodecanol,"15,2638","3242,04","-157,10",560.0,407.0
436.0,C12H27N,tributylamine,"16,2878","3865,58","-86,15",531.0,362.0
437.0,C13H12,diphenylmethane,"14,4856","2902,44","-167,90",563.0,473.0
438.0,C13H26,n-octycyclopentane,"16,0941","3983,01","-95,85",549.0,385.0
439.0,C13H26,1-tridecene,"16,0850","3856,23","-97,94",537.0,377.0
440.0,C13H28,n-tridecane,"16,1355","3892,91","-98,93",540.0,380.0
441.0,C14H10,antharacene,"17,6701","6492,44","-26,13",655.0,490.0
442.0,C14H10,phenanthrene,"16,7187","5477,94","-69,39",655.0,450.0
443.0,C14H28,n-nonycyclopentane,"16,1089","4076,30","-103,00",569.0,400.0
444.0,C14H28,1-tetradecene,"16,1643","4018,01","-102,70",557.0,392.0
445.0,C14H30,n-tetradecane,"16,1480","4008,52","-105,40",560.0,394.0
446.0,C15H30,n-decycyclopentane,"16,1261","4203,94","-109,70",586.0,413.0
447.0,C15H30,1-pentadecene,"16,1539","4103,15","-110,60",574.0,406.0
448.0,C15H32,n-pentadecane,"16,1724","4121,51","-111,80",577.0,408.0
449.0,C16H22O4,dibutyl-o-phthalate,"16,9539","4852,47","-138,10",657.0,469.0
450.0,C16H32,n-decycyclohexane,"16,1627","4373,37","-111,80",573.0,463.0
451.0,C16H32,1-hexadecene,"16,2203","4245,00","-115,20",592.0,420.0
452.0,C16H34,n-hexadecane,"16,1841","4214,91","-118,70",594.0,423.0
453.0,C17H34,n-dodecycyclopentane,"16,1915","4395,87","-124,20",619.0,441.0
454.0,C17H36O,heptadecanol,"15,6161","3672,62","-188,10",956.0,464.0
455.0,C17H36,n-heptadecane,"16,1510","4294,55","-124,00",610.0,434.0
459.0,C18H36,1-octadecene,"16,2221","4416,13","-127,30",623.0,444.0
460.0,C18H36,n-tridecycyclopentane,"16,2270","4483,13","-131,30",634.0,453.0
461.0,C18H38,n-octadecane,"16,1232","4361,79","-129,90",625.0,445.0
462.0,C18H38O,1-octadecanol,"15,6898","3757,82","-193,10",658.0,474.0
463.0,C19H38,n-tetradecycyclopentane,"16,2632","4439,38","-138,10",648.0,465.0
464.0,C19H4O,n-nonadecane,"16,1533","4450,44","-135,60",639.0,456.0
465.0,C20H40,n-pentadecycyclopentane,"16,3092","4642,01","-145,10",661.0,476.0
466.0,C20H42,n-eicosane,"16,4685","4680,46","-141,10",652.0,471.0
467.0,C20H40O,1-eiconasol,"15,8233","3912,10","-203,10",679.0,492.0
468.0,C21H42,n-hexadecycyclopentane,"16,3553","4715,69","-152,10",674.0,488.0
